Date,Airline,Flight,From,To,Dep Terminal,Dep Gate,Arr Terminal,Arr Gate,Canceled,Diverted To,Gate Departure (Scheduled),Gate Departure (Actual),Take off (Scheduled),Take off (Actual),Landing (Scheduled),Landing (Actual),Gate Arrival (Scheduled),Gate Arrival (Actual),Aircraft Type Name,Tail Number,PNR,Seat,Seat Type,Cabin Class,Flight Reason,Notes,Flight Flighty ID,Airline Flighty ID,Departure Airport Flighty ID,Arrival Airport Flighty ID,Diverted To Airport Flighty ID,Aircraft Type Flighty ID
2013-02-11,SIA,891,HKG,SIN,1,19,2,35,false,,2013-02-11T12:30,2013-02-11T12:30,,,,,2013-02-11T16:20,2013-02-11T16:21,,,,,,,,,d7c2f47d-4c12-468c-ae84-0fecdca23bb0,30242dfb-68a4-4ee8-8055-f967ba273f38,7da61aa8-3d56-411b-8be5-50a198e86c60,0408c509-a410-4361-806b-eebecfea9bc1,,
2013-02-11,SIA,285,SIN,AKL,3,A11,I,,false,,2013-02-11T21:15,2013-02-11T21:24,,,,,2013-02-12T12:10,2013-02-12T12:03,,,,,,,,,61cff26f-80bc-4dc1-ab3e-d148eb3eec60,30242dfb-68a4-4ee8-8055-f967ba273f38,0408c509-a410-4361-806b-eebecfea9bc1,0b50fa2a-bab6-44c2-bcd8-678f40d15369,,
2013-02-13,ANZ,639,AKL,ZQN,D,,,,false,,2013-02-13T10:05,2013-02-13T10:05,,,,,2013-02-13T11:55,2013-02-13T11:53,Boeing 737-300,,,,,,,,c08f2ead-526d-4284-822f-4a73d1763b69,e2595c02-5a11-4091-84fb-ba83be3f9927,0b50fa2a-bab6-44c2-bcd8-678f40d15369,0684ec0e-277c-4ba5-9c6a-7e26d97e0584,,0da1b92a-3c44-446a-8b2d-7ce519400cef
2013-02-21,SIA,298,CHC,SIN,,,3,,false,,2013-02-21T11:55,2013-02-21T11:57,,,,,2013-02-21T17:45,2013-02-21T17:25,,,,,,,,,a1902cdd-7f5f-472e-a01d-2e945495966d,30242dfb-68a4-4ee8-8055-f967ba273f38,62e695b2-b084-4703-b1a7-5dec09396c9b,0408c509-a410-4361-806b-eebecfea9bc1,,
2013-02-21,SIA,2,SIN,HKG,3,A4,1,,false,,2013-02-21T17:50,2013-02-21T18:22,,2013-02-21T18:40,,2013-02-21T21:55,2013-02-21T21:45,2013-02-21T22:00,,,,,,,,,afcb1a32-1a97-42ce-bdd6-5f0ab358e29f,30242dfb-68a4-4ee8-8055-f967ba273f38,0408c509-a410-4361-806b-eebecfea9bc1,7da61aa8-3d56-411b-8be5-50a198e86c60,,
2013-07-01,CSN,329,CAN,YVR,,,M,,false,,2013-07-01T14:00,,2013-07-01T14:10,,2013-07-01T10:57,2013-07-01T20:06,2013-07-01T10:45,,,,,,,,,,f2b759a6-4e25-488c-8eeb-5d25417def01,255d4d33-d2aa-4a84-bc7d-0613c507151f,7436d9ad-c589-49cb-9578-7762e8598fdc,c71de46b-62e9-43fb-83e7-1f44a3a393fe,,
2013-07-31,CSN,330,YVR,CAN,M,,,,false,,2013-07-31T12:30,,2013-07-31T12:40,2013-07-31T13:32,2013-08-01T15:48,,2013-08-01T16:55,,,,,,,,,,19356a38-e303-41b2-b149-cb9d1ae79db5,255d4d33-d2aa-4a84-bc7d-0613c507151f,c71de46b-62e9-43fb-83e7-1f44a3a393fe,7436d9ad-c589-49cb-9578-7762e8598fdc,,
2014-08-02,KQA,883,CAN,NBO,,,1C,,false,,2014-08-02T22:55,2014-08-02T23:37,,2014-08-02T23:59,,2014-08-03T04:48,2014-08-03T05:25,2014-08-03T05:02,Boeing 777-300,,,,,,,,6d4e7c44-d004-4fc4-adb1-71692d515e89,a90ab660-a9f7-429a-a38e-2fcfb77d22da,7436d9ad-c589-49cb-9578-7762e8598fdc,1d57d488-de08-4ab4-aa8b-f9afce1fc64c,,41adc260-cf8e-4245-a647-67b85d4348b6
2014-08-07,KQA,450,NBO,SEZ,1C,,I,,false,,2014-08-07T09:05,2014-08-07T09:49,,,,2014-08-07T13:39,2014-08-07T13:15,2014-08-07T13:46,Boeing 737-800,,,,,,,,7d704807-4ba7-4e83-9392-d1e5131c2797,a90ab660-a9f7-429a-a38e-2fcfb77d22da,1d57d488-de08-4ab4-aa8b-f9afce1fc64c,1776ecfa-828f-46fb-8035-c571d9fa5d5f,,8ad8530e-acd0-42bf-abc5-1e70c4a076bf
2014-08-19,KQA,882,NBO,CAN,1C,,,,false,,2014-08-19T00:35,2014-08-19T00:58,,,,2014-08-19T16:55,2014-08-19T16:05,2014-08-19T17:07,Boeing 777-300,,,,,,,,e5d1fa8f-804c-48e4-b856-ec6417cc748c,a90ab660-a9f7-429a-a38e-2fcfb77d22da,1d57d488-de08-4ab4-aa8b-f9afce1fc64c,7436d9ad-c589-49cb-9578-7762e8598fdc,,41adc260-cf8e-4245-a647-67b85d4348b6
2015-07-19,UAE,387,HKG,DXB,1,,3,,false,,2015-07-19T07:50,2015-07-19T08:11,,2015-07-19T08:36,2015-07-19T11:51,2015-07-19T11:51,2015-07-19T11:55,2015-07-19T12:02,Boeing 777-300 ER,,,,,,,,18163bd5-ddad-4135-8d3d-15adedf4c9b7,daa8b561-0aed-4a16-ace4-f13fa6c6ea21,7da61aa8-3d56-411b-8be5-50a198e86c60,e8b51cb0-c41d-4224-b842-7f69655f8076,,78eac566-1ad0-4ded-9979-9510dfde05f2
2015-07-19,UAE,57,DXB,DUS,3,A9,,,false,,2015-07-19T14:55,2015-07-19T15:06,2015-07-19T15:32,2015-07-19T15:32,2015-07-19T19:48,2015-07-19T19:48,2015-07-19T19:45,2015-07-19T19:52,Boeing 777-300 ER,,,,,,,,c664015b-ed40-4d83-9cac-578015ba8570,daa8b561-0aed-4a16-ace4-f13fa6c6ea21,e8b51cb0-c41d-4224-b842-7f69655f8076,5c465ccf-d921-4359-8387-34bd51abb926,,78eac566-1ad0-4ded-9979-9510dfde05f2
2015-12-25,TRA,6709,EIN,ATH,,,,,false,,2015-12-25T15:30,2015-12-25T15:33,2015-12-25T15:34,2015-12-25T15:34,2015-12-25T19:07,2015-12-25T19:07,2015-12-25T19:45,2015-12-25T19:10,Boeing 737-800,PHHSC,,,,,,,b84c768a-e072-4a8e-8181-677e1db35aee,1c06f466-992e-4f3e-9494-7e9111f05daf,5d770dca-bcee-4133-b829-c7b38c51387b,cf45cd09-2351-45e6-bee2-e05eb99b1673,,8ad8530e-acd0-42bf-abc5-1e70c4a076bf
2015-12-31,AEE,353,JTR,ATH,,,,,false,,2015-12-31T11:20,2015-12-31T11:10,,,2015-12-31T11:50,2015-12-31T11:50,2015-12-31T12:05,2015-12-31T11:55,Airbus A320,SXDVX,,,,,,,ccd45a21-47b0-4581-998f-a4ab71193655,db42bdaa-aa16-41f2-8813-078287e6232d,78806921-d1a0-42ec-9e54-baf844e53334,cf45cd09-2351-45e6-bee2-e05eb99b1673,,dd390a1f-e92a-4411-ab72-04db16d42030
2016-02-10,GWI,9750,DUS,VIE,,A48,,,false,,2016-02-10T13:10,,2016-02-10T13:25,2016-02-10T13:25,2016-02-10T14:37,2016-02-10T14:37,2016-02-10T14:45,,Airbus A319,DAGWK,,,,,,,2a633928-f913-4738-9f60-ba634f1e769e,66483e91-3989-4feb-8294-f2091d67427b,5c465ccf-d921-4359-8387-34bd51abb926,f14d8bd3-c692-4468-a9c2-7c89ab7a4ce4,,fb8254ff-1d83-4fe1-a147-882c217dfcbe
2016-02-15,GWI,9751,VIE,DUS,3,F22,,,false,,2016-02-15T15:25,,2016-02-15T15:33,2016-02-15T15:33,2016-02-15T16:47,2016-02-15T16:47,2016-02-15T16:55,,Airbus A320,DAIQE,,,,,,,4d479bfe-100e-4d54-abe4-ad9f4bf8df48,66483e91-3989-4feb-8294-f2091d67427b,f14d8bd3-c692-4468-a9c2-7c89ab7a4ce4,5c465ccf-d921-4359-8387-34bd51abb926,,dd390a1f-e92a-4411-ab72-04db16d42030
2016-03-19,CPA,376,DUS,HKG,,A79,1,,false,,2016-03-19T12:35,2016-03-19T12:36,,2016-03-19T12:47,2016-03-20T06:34,2016-03-20T06:34,2016-03-20T06:55,2016-03-20T06:40,Boeing 777-300 ER,BKQG,,,,,,,4132f79d-a6bd-4b4b-9a0e-e28d206a6e19,8508d82c-f03a-4c99-88d8-46ede5aceb6d,5c465ccf-d921-4359-8387-34bd51abb926,7da61aa8-3d56-411b-8be5-50a198e86c60,,78eac566-1ad0-4ded-9979-9510dfde05f2
2016-04-02,CPA,379,HKG,DUS,1,36,,,false,,2016-04-02T00:50,2016-04-02T01:01,,2016-04-02T01:23,2016-04-02T07:01,2016-04-02T07:01,2016-04-02T07:10,2016-04-02T07:07,Boeing 777-300 ER,BKPD,,,,,,,2f2fe297-5f80-4be3-a22a-3f342200d9a0,8508d82c-f03a-4c99-88d8-46ede5aceb6d,7da61aa8-3d56-411b-8be5-50a198e86c60,5c465ccf-d921-4359-8387-34bd51abb926,,78eac566-1ad0-4ded-9979-9510dfde05f2
2016-04-15,SWR,1019,DUS,ZRH,,A40,,,false,,2016-04-15T14:50,2016-04-15T14:50,2016-04-15T15:10,2016-04-15T15:10,2016-04-15T16:09,2016-04-15T16:09,2016-04-15T16:10,2016-04-15T16:14,Embraer 190,HBJVO,,,,,,,20311a0d-6465-43fd-b140-11ceddd740ff,95ece959-d516-44be-a77e-9e82037886eb,5c465ccf-d921-4359-8387-34bd51abb926,a0039222-c7e3-46d5-b5a6-26fca3d8864b,,fb807099-ea21-44f1-afb3-388faab25ae3
2016-04-15,SWR,2596,ZRH,MLA,1,B33,,,false,,2016-04-15T17:15,2016-04-15T17:25,2016-04-15T17:34,2016-04-15T17:34,2016-04-15T19:25,2016-04-15T19:25,2016-04-15T19:30,2016-04-15T19:27,Airbus A320,HBJLQ,,,,,,,08634009-8139-4833-a122-499bae7afe5b,95ece959-d516-44be-a77e-9e82037886eb,a0039222-c7e3-46d5-b5a6-26fca3d8864b,84fae806-c7a3-412e-94df-c437c589589c,,dd390a1f-e92a-4411-ab72-04db16d42030
2016-04-17,DLH,1977,MLA,MUC,,005,2,,false,,2016-04-17T12:10,2016-04-17T12:04,,2016-04-17T12:09,2016-04-17T14:06,2016-04-17T14:06,2016-04-17T14:30,2016-04-17T14:12,Airbus A320,DAIUR,,,,,,,b89562b3-49ce-43e5-843d-7eee9203bd2b,f5251aea-6a53-45b9-b762-9f6580de440e,84fae806-c7a3-412e-94df-c437c589589c,fed9a584-f1e1-4a40-af94-ffbeda5c5f0e,,dd390a1f-e92a-4411-ab72-04db16d42030
2016-04-17,DLH,2018,MUC,DUS,2,G16,,A42,false,,2016-04-17T17:30,2016-04-17T17:29,2016-04-17T17:41,2016-04-17T17:41,2016-04-17T18:35,2016-04-17T18:35,2016-04-17T18:40,2016-04-17T18:40,Airbus A320,DAIPR,,,,,,,dbbf9898-ec36-4923-861f-e48fcd3b6a24,f5251aea-6a53-45b9-b762-9f6580de440e,fed9a584-f1e1-4a40-af94-ffbeda5c5f0e,5c465ccf-d921-4359-8387-34bd51abb926,,dd390a1f-e92a-4411-ab72-04db16d42030
2016-06-21,CPA,376,DUS,HKG,,A79,1,,false,,2016-06-21T13:25,2016-06-21T13:37,,2016-06-21T13:58,2016-06-22T06:21,2016-06-22T06:21,2016-06-22T06:35,2016-06-22T06:24,Boeing 777-300 ER,BKPK,,,,,,,e4a8cc8b-1e9c-46c9-a7da-6b8376c84619,8508d82c-f03a-4c99-88d8-46ede5aceb6d,5c465ccf-d921-4359-8387-34bd51abb926,7da61aa8-3d56-411b-8be5-50a198e86c60,,78eac566-1ad0-4ded-9979-9510dfde05f2
2016-07-21,CPA,379,HKG,DUS,1,64,,,false,,2016-07-21T00:50,2016-07-21T00:55,,2016-07-21T01:08,2016-07-21T06:10,2016-07-21T06:10,2016-07-21T07:10,2016-07-21T06:16,Boeing 777-300 ER,BKPX,,,,,,,9902bcf4-77a8-4997-8da8-f4410d69f20a,8508d82c-f03a-4c99-88d8-46ede5aceb6d,7da61aa8-3d56-411b-8be5-50a198e86c60,5c465ccf-d921-4359-8387-34bd51abb926,,78eac566-1ad0-4ded-9979-9510dfde05f2
2016-07-31,DLH,77,DUS,FRA,,A40,1,A11,false,,2016-07-31T10:35,2016-07-31T10:33,2016-07-31T10:43,2016-07-31T10:43,2016-07-31T11:11,2016-07-31T11:11,2016-07-31T11:25,2016-07-31T11:19,Airbus A320,DAIUB,,,,,,,76938eba-8fc4-42b3-a1c3-5d13d72d6af4,f5251aea-6a53-45b9-b762-9f6580de440e,5c465ccf-d921-4359-8387-34bd51abb926,9e8dd658-32ff-4277-acb3-8c2b5dc39431,,dd390a1f-e92a-4411-ab72-04db16d42030
2016-07-31,DLH,492,FRA,YVR,1,B25,I,D55,false,,2016-07-31T13:30,2016-07-31T13:55,2016-07-31T13:40,2016-07-31T14:16,2016-07-31T13:51,2016-07-31T14:29,2016-07-31T14:25,2016-07-31T14:36,Boeing 747-400,DABVS,,,,,,,56120445-7ec5-4f1b-b4fc-b0232f563e51,f5251aea-6a53-45b9-b762-9f6580de440e,9e8dd658-32ff-4277-acb3-8c2b5dc39431,c71de46b-62e9-43fb-83e7-1f44a3a393fe,,c71ef305-0d60-4253-9650-b4f6eaf4713c
2016-08-09,DLH,493,YVR,FRA,I,D55,1,B20A,false,,2016-08-09T16:20,2016-08-09T16:34,2016-08-09T16:30,2016-08-09T16:49,2016-08-10T10:18,2016-08-10T10:28,2016-08-10T11:00,2016-08-10T10:40,Boeing 747-400,DABVZ,,,,,,,dd62e51e-9727-4e13-810c-5d83322e66ac,f5251aea-6a53-45b9-b762-9f6580de440e,c71de46b-62e9-43fb-83e7-1f44a3a393fe,9e8dd658-32ff-4277-acb3-8c2b5dc39431,,c71ef305-0d60-4253-9650-b4f6eaf4713c
2016-08-10,DLH,78,FRA,DUS,1,B5,,A42,false,,2016-08-10T13:00,2016-08-10T13:24,,2016-08-10T13:43,2016-08-10T14:09,2016-08-10T14:09,2016-08-10T13:50,2016-08-10T14:13,Airbus A320,DAIPM,,,,,,,69daff6f-d786-4b43-8f4e-4c73ba6aee72,f5251aea-6a53-45b9-b762-9f6580de440e,9e8dd658-32ff-4277-acb3-8c2b5dc39431,5c465ccf-d921-4359-8387-34bd51abb926,,dd390a1f-e92a-4411-ab72-04db16d42030
2016-10-12,VLG,2252,BCN,SVQ,1,B40,1,,false,,2016-10-12T10:20,2016-10-12T10:21,,2016-10-12T10:36,2016-10-12T11:56,2016-10-12T11:56,2016-10-12T11:55,2016-10-12T11:59,Airbus A320,ECLVT,,,,,,,3fc65e8f-d270-410e-a174-979e5d9f8fb7,85a84b64-63bd-4340-8659-19241f38a3ee,72d63683-9cc9-40da-9394-b2557edacb91,55138ed4-f7bf-405a-a6e4-84730c4bf31f,,dd390a1f-e92a-4411-ab72-04db16d42030
2016-11-05,DLH,75,DUS,FRA,,A39,1,A16,false,,2016-11-05T08:20,2016-11-05T08:28,2016-11-05T08:42,2016-11-05T08:42,2016-11-05T09:10,2016-11-05T09:10,2016-11-05T09:15,2016-11-05T09:26,Airbus A320neo,DAINB,,,,,,,9fe192a5-b248-4eb3-a529-206649483c8c,f5251aea-6a53-45b9-b762-9f6580de440e,5c465ccf-d921-4359-8387-34bd51abb926,9e8dd658-32ff-4277-acb3-8c2b5dc39431,,fc3bd268-833c-40f4-a74c-9512dabcbe08
2016-11-05,DLH,422,FRA,BOS,1,Z25,E,E7A,false,,2016-11-05T10:55,2016-11-05T11:04,2016-11-05T11:24,2016-11-05T11:24,2016-11-05T13:46,2016-11-05T13:46,2016-11-05T14:10,2016-11-05T13:50,Boeing 747-8,DABYH,,,,,,,e8b75b0b-edd2-48d1-bd8f-4982fe6fbd1f,f5251aea-6a53-45b9-b762-9f6580de440e,9e8dd658-32ff-4277-acb3-8c2b5dc39431,813ec62f-c303-44d9-a041-a4434d6fd652,,c1ae12ad-df82-4d84-9413-6ae1ff8ab769
2016-11-12,SWR,53,BOS,ZRH,E,,,,false,,2016-11-12T21:45,2016-11-12T21:45,2016-11-12T22:00,2016-11-12T22:00,2016-11-13T10:33,2016-11-13T10:40,2016-11-13T11:00,2016-11-13T10:45,Airbus A340-300,HBJMF,,,,,,,7ad64308-6e93-4231-9a0d-2f09eaaa4e9b,95ece959-d516-44be-a77e-9e82037886eb,813ec62f-c303-44d9-a041-a4434d6fd652,a0039222-c7e3-46d5-b5a6-26fca3d8864b,,2c9e7893-7be6-41cf-8cd1-56ebe0491126
2016-11-13,SWR,1018,ZRH,DUS,1,A56,,B91,false,,2016-11-13T12:50,2016-11-13T12:56,2016-11-13T13:13,2016-11-13T13:13,2016-11-13T14:13,2016-11-13T14:13,2016-11-13T14:10,2016-11-13T14:15,Fokker 100,HB-JVH,,,,,,,e0087e9b-1ce2-499f-a18b-cad685330936,95ece959-d516-44be-a77e-9e82037886eb,a0039222-c7e3-46d5-b5a6-26fca3d8864b,5c465ccf-d921-4359-8387-34bd51abb926,,c4e852ea-df1e-4992-b184-127a18f141c7
2016-12-24,EWG,1558,DUS,TFS,,A39,,,false,,2016-12-24T11:05,2016-12-24T11:20,,2016-12-24T11:33,2016-12-24T14:45,,2016-12-24T15:00,2016-12-24T14:47,Airbus A320,DAEWJ,,,,,,,4d44c909-222f-40b0-b6d8-60ce2ab05e09,2850de9b-7637-411a-ad35-e91346a41f0a,5c465ccf-d921-4359-8387-34bd51abb926,2c81e907-a011-4c95-830b-7f769e61336b,,dd390a1f-e92a-4411-ab72-04db16d42030
2016-12-28,IBB,134,TFN,LPA,1,1,,,false,,2016-12-28T13:00,2016-12-28T13:12,,,,,2016-12-28T13:30,2016-12-28T13:47,ATR 72,,,,,,,,ed814229-2de0-40c6-90a8-abf6f35ee9ce,754d054f-c735-4629-9c7e-8abd8643a5aa,f2c23d34-bf26-466c-9e9c-d25c1ecedb82,fcf6fc74-a1e1-4602-adf3-dbef75191d85,,00069458-a1cb-42ac-889d-8c259cc8e679
2017-02-10,GWI,9770,DUS,PRG,,A33,2,,false,,2017-02-10T18:35,2017-02-10T18:44,,2017-02-10T18:56,2017-02-10T19:48,2017-02-10T19:48,2017-02-10T19:50,2017-02-10T19:52,Airbus A319,DAGWA,,,,,,,a017fc15-f68b-46d4-a71b-fa00f3405fa0,66483e91-3989-4feb-8294-f2091d67427b,5c465ccf-d921-4359-8387-34bd51abb926,ea2fa104-3d95-45c7-bdd1-7b9a8bced282,,fb8254ff-1d83-4fe1-a147-882c217dfcbe
2017-02-12,EWG,1777,PRG,DUS,2,D1,,B91,false,,2017-02-12T20:25,2017-02-12T20:56,,2017-02-12T21:08,2017-02-12T22:07,2017-02-12T22:07,2017-02-12T21:35,2017-02-12T22:11,Airbus A320,DAEWU,,,,,,,e8f34774-4822-4167-b35d-7e056af762a4,2850de9b-7637-411a-ad35-e91346a41f0a,ea2fa104-3d95-45c7-bdd1-7b9a8bced282,5c465ccf-d921-4359-8387-34bd51abb926,,dd390a1f-e92a-4411-ab72-04db16d42030
2017-04-15,BEE,1400,DUS,LCY,,C52,,,false,,2017-04-15T07:50,2017-04-15T07:50,,2017-04-15T08:06,2017-04-15T08:09,2017-04-15T08:09,2017-04-15T08:20,2017-04-15T08:13,DHC-8-400 Dash 8Q,GJECE,,,,,,,86664283-3b48-4543-b729-d5093f896487,12ca9d27-c098-41cc-9588-f9463e88f952,5c465ccf-d921-4359-8387-34bd51abb926,038fea45-3bb9-415b-aa3b-cb61f4dc106e,,59b23fcb-b36b-49f7-9fb9-b1dc2a1a47d1
2017-04-20,BEE,1405,LCY,DUS,,,,,false,,2017-04-20T15:50,2017-04-20T15:42,,,2017-04-20T17:56,2017-04-20T17:56,2017-04-20T18:25,2017-04-20T18:00,DHC-8-400 Dash 8Q,GJEDW,,,,,,,972c4427-268d-423b-8063-6a227a765bdd,12ca9d27-c098-41cc-9588-f9463e88f952,038fea45-3bb9-415b-aa3b-cb61f4dc106e,5c465ccf-d921-4359-8387-34bd51abb926,,59b23fcb-b36b-49f7-9fb9-b1dc2a1a47d1
2017-06-22,CPA,376,DUS,HKG,,A79,1,,false,,2017-06-22T13:30,2017-06-22T14:02,,2017-06-22T14:21,2017-06-23T06:41,2017-06-23T06:41,2017-06-23T06:35,2017-06-23T06:43,Airbus A350-900,BLRC,,,,,,,5f1863d4-9e96-449a-becc-1855908480a9,8508d82c-f03a-4c99-88d8-46ede5aceb6d,5c465ccf-d921-4359-8387-34bd51abb926,7da61aa8-3d56-411b-8be5-50a198e86c60,,0f7e0145-14a5-4c47-aa84-f03b1ff28cd0
2017-07-29,FIN,70,HKG,HEL,1,24,2,32,false,,2017-07-29T00:25,2017-07-29T00:30,,2017-07-29T01:00,2017-07-29T05:36,2017-07-29T05:36,2017-07-29T06:00,2017-07-29T05:41,Airbus A350-900,OHLWB,,,,,,,b09ab6b4-6054-4789-a94a-fd2d331828c6,49e2db86-f4de-401f-b0e4-a3e80841af4c,7da61aa8-3d56-411b-8be5-50a198e86c60,561f2662-7b0f-4f72-b5bc-916f7b082f49,,0f7e0145-14a5-4c47-aa84-f03b1ff28cd0
2017-07-29,ICE,353,HEL,KEF,2,19,,,false,,2017-07-29T08:45,2017-07-29T08:42,,2017-07-29T08:50,2017-07-29T08:46,2017-07-29T08:46,2017-07-29T09:10,2017-07-29T08:52,Boeing 757-200,TFISZ,,,,,,,cce1814a-638c-42f3-8168-bb9ddacd70ff,7bc1146e-c607-4d41-9666-77fd2e062308,561f2662-7b0f-4f72-b5bc-916f7b082f49,f9ddda80-ba0f-442d-a00c-851d63bcbb3c,,2c3a4012-9fb9-44fc-9a71-0b6cb336042e
2017-08-12,FIN,658,OSL,HEL,Main,E8,2,25,false,,2017-08-12T18:45,2017-08-12T19:19,,2017-08-12T19:26,2017-08-12T21:32,2017-08-12T21:32,2017-08-12T21:05,2017-08-12T21:35,Airbus A321,OHLZC,,,,,,,799352a2-8e51-49a0-8a24-1d6bac532c63,49e2db86-f4de-401f-b0e4-a3e80841af4c,0b97593c-1091-40e5-b6c1-d10fe4678556,561f2662-7b0f-4f72-b5bc-916f7b082f49,,5904cdc2-eccf-41fe-8345-e82a51d3269c
2017-08-14,ICE,353,HEL,KEF,2,18,,,false,,2017-08-14T08:45,2017-08-14T08:37,,2017-08-14T08:47,2017-08-14T09:01,2017-08-14T09:01,2017-08-14T09:10,2017-08-14T09:08,Boeing 757-200,TFISL,,,,,,,41a8545e-3aea-44d1-b570-40ef3dc110de,7bc1146e-c607-4d41-9666-77fd2e062308,561f2662-7b0f-4f72-b5bc-916f7b082f49,f9ddda80-ba0f-442d-a00c-851d63bcbb3c,,2c3a4012-9fb9-44fc-9a71-0b6cb336042e
2017-08-14,ICE,647,KEF,IAD,,,,,false,,2017-08-14T10:30,2017-08-14T10:33,2017-08-14T10:40,2017-08-14T10:45,2017-08-14T12:27,2017-08-14T12:37,2017-08-14T12:45,2017-08-14T13:01,Boeing 757-200,TFFIJ,,,,,,,4c2d91c2-3c15-44d7-afad-ae780d01260f,7bc1146e-c607-4d41-9666-77fd2e062308,f9ddda80-ba0f-442d-a00c-851d63bcbb3c,519696f5-bda6-457c-ae4c-dd1cb07e20de,,2c3a4012-9fb9-44fc-9a71-0b6cb336042e
2017-12-16,UAL,660,IAD,ORD,Main,D5,1,B2,false,,2017-12-16T10:10,2017-12-16T10:07,2017-12-16T10:24,2017-12-16T10:16,2017-12-16T11:00,2017-12-16T10:51,2017-12-16T11:09,2017-12-16T10:58,Airbus A320,N407UA,,,,,,,ed3b7dec-d644-49d7-8daf-d80eebb3858c,b57b4c86-4724-48f1-80be-d7de4036004a,519696f5-bda6-457c-ae4c-dd1cb07e20de,a5eff314-18e7-4c87-bd38-0131882f1b8d,,dd390a1f-e92a-4411-ab72-04db16d42030
2017-12-16,UAL,895,ORD,HKG,1,C10,1,69,false,,2017-12-16T13:25,2017-12-16T13:20,2017-12-16T13:47,2017-12-16T13:43,2017-12-17T19:13,2017-12-17T19:18,2017-12-17T19:20,2017-12-17T19:23,Boeing 777-200 ER,N785UA,,,,,,,cb726190-bdd6-4cf1-b53b-1f9b8b419c43,b57b4c86-4724-48f1-80be-d7de4036004a,a5eff314-18e7-4c87-bd38-0131882f1b8d,7da61aa8-3d56-411b-8be5-50a198e86c60,,a0f171e1-86df-426a-8922-e460c0660ae6
2018-05-27,UAL,4922,IAD,EWR,Main,A6,A,23,false,,2018-05-27T12:30,2018-05-27T12:50,2018-05-27T12:40,2018-05-27T14:16,2018-05-27T13:20,2018-05-27T15:05,2018-05-27T14:03,2018-05-27T15:13,Embraer RJ145,N11181,O2TJM7,,,,,,ba9d5491-abea-4c73-92a9-74dd5bb4143c,b57b4c86-4724-48f1-80be-d7de4036004a,519696f5-bda6-457c-ae4c-dd1cb07e20de,4427d229-a1e2-4955-81fa-9b5c0f103f12,,6358f527-1221-47d3-9170-26351f84ac05
2018-05-27,UAL,70,EWR,AMS,C,120,Main,D47,false,,2018-05-27T17:35,2018-05-27T17:32,2018-05-27T17:46,2018-05-27T18:05,2018-05-28T06:03,2018-05-28T06:54,2018-05-28T07:15,2018-05-28T07:01,Boeing 767-400,N67058,O2TJM7,,,,,,f6516894-a4ae-4e86-9c4f-4d418c11396d,b57b4c86-4724-48f1-80be-d7de4036004a,4427d229-a1e2-4955-81fa-9b5c0f103f12,f671c076-61b7-4572-8abb-359aaadaafd4,,dae07e29-15b1-4f35-9552-d70888135843
2018-05-28,CPA,270,AMS,HKG,Main,,1,,false,,2018-05-28T13:10,2018-05-28T13:12,2018-05-28T13:36,2018-05-28T13:36,2018-05-29T06:14,2018-05-29T06:14,2018-05-29T06:20,2018-05-29T06:19,Boeing 777-300 ER,BKQB,O2TJM7,,,,,,6b82c7a5-0929-4f6d-80a4-9405defb1366,8508d82c-f03a-4c99-88d8-46ede5aceb6d,f671c076-61b7-4572-8abb-359aaadaafd4,7da61aa8-3d56-411b-8be5-50a198e86c60,,78eac566-1ad0-4ded-9979-9510dfde05f2
2018-08-25,UAL,7988,HKG,NRT,1,26,1,29B,false,,2018-08-25T09:40,2018-08-25T09:36,2018-08-25T10:03,2018-08-25T10:03,2018-08-25T15:03,2018-08-25T15:03,2018-08-25T15:10,2018-08-25T15:21,Boeing 767-300,JA624A,O2TJM7,,,,,,f4a88802-5565-4d6c-88b6-cb5e29a01c0f,b57b4c86-4724-48f1-80be-d7de4036004a,7da61aa8-3d56-411b-8be5-50a198e86c60,42cbe764-fc30-49b0-9e72-eca5f6c21767,,3e31e7b6-cfc1-4a82-b88b-bbb8ecad73c3
2018-08-25,UAL,804,NRT,IAD,1,31,Main,C1,false,,2018-08-25T16:10,2018-08-25T16:05,2018-08-25T16:30,2018-08-25T16:21,2018-08-25T15:40,2018-08-25T15:26,2018-08-25T15:45,2018-08-25T15:31,Boeing 777-200 ER,N217UA,O2TJM7,,,,,,9c61eb3c-663b-41f0-84b1-8af155e2ad23,b57b4c86-4724-48f1-80be-d7de4036004a,42cbe764-fc30-49b0-9e72-eca5f6c21767,519696f5-bda6-457c-ae4c-dd1cb07e20de,,a0f171e1-86df-426a-8922-e460c0660ae6
2019-03-11,DAL,126,JFK,MAD,4,B37,1,73,false,,2019-03-11T19:30,2019-03-11T19:39,2019-03-11T19:49,2019-03-11T20:26,2019-03-12T07:09,2019-03-12T07:45,2019-03-12T08:00,2019-03-12T07:55,Boeing 767-300,N180DN,,,,,,,599a6a88-8c3e-4727-b7e0-e56faf010876,a8765091-d043-44b1-936c-d217bb519e56,fc332185-4dde-4791-b449-0de5e83e47b9,f6e9455f-8a6d-4806-89c4-18c09a750f00,,3e31e7b6-cfc1-4a82-b88b-bbb8ecad73c3
2019-03-20,DAL,109,MAD,ATL,1,A2,I,E4,false,,2019-03-20T09:15,2019-03-20T09:05,2019-03-20T09:20,2019-03-20T09:26,2019-03-20T14:08,2019-03-20T13:43,2019-03-20T14:26,2019-03-20T13:51,Boeing 767-400,N836MH,,,,,,,f4ebf824-db6e-4055-9909-a7d75f560420,a8765091-d043-44b1-936c-d217bb519e56,f6e9455f-8a6d-4806-89c4-18c09a750f00,6f0c1d11-cfef-4b33-b462-90379270f593,,dae07e29-15b1-4f35-9552-d70888135843
2019-03-20,DAL,2009,ATL,BWI,S,A9,Main,D23,false,,2019-03-20T16:56,2019-03-20T16:54,2019-03-20T16:59,2019-03-20T17:07,2019-03-20T18:31,2019-03-20T18:23,2019-03-20T18:46,2019-03-20T18:33,Boeing 737-900ER,N891DN,,,,,,,4c325c13-b54e-4482-b52f-41e4837f286d,a8765091-d043-44b1-936c-d217bb519e56,6f0c1d11-cfef-4b33-b462-90379270f593,4923b37c-381e-48e6-ba91-7c75d4151f64,,24012541-435d-4a27-af8a-4791336f1965
2019-05-26,DAL,7856,IAD,ICN,Main,A32,2,254,false,,2019-05-26T13:25,2019-05-26T13:30,2019-05-26T13:49,2019-05-26T13:44,2019-05-27T16:11,2019-05-27T16:11,2019-05-27T16:50,2019-05-27T16:17,Boeing 777-300 ER,HL8042,,,,,,,b234d4a2-b886-44f8-b34b-22e5b3039618,a8765091-d043-44b1-936c-d217bb519e56,519696f5-bda6-457c-ae4c-dd1cb07e20de,ca56969b-d5b4-4d55-95ad-f7abb4fdede9,,78eac566-1ad0-4ded-9979-9510dfde05f2
2019-05-27,DAL,7897,ICN,HKG,2,239,1,,false,,2019-05-27T19:45,2019-05-27T19:43,2019-05-27T20:01,2019-05-27T20:01,2019-05-27T22:06,2019-05-27T22:06,2019-05-27T22:30,2019-05-27T22:15,Boeing 787-9,HL8081,,,,,,,3f42c5e4-ab7a-4238-b1d8-002c228c9db2,a8765091-d043-44b1-936c-d217bb519e56,ca56969b-d5b4-4d55-95ad-f7abb4fdede9,7da61aa8-3d56-411b-8be5-50a198e86c60,,c4910e5e-2c05-4d17-bc08-fa0c8c0b77d9
2019-06-23,AAL,8923,HKG,JFK,1,45,8,,false,,2019-06-23T09:15,2019-06-23T10:03,2019-06-23T09:25,2019-06-23T10:18,2019-06-23T12:50,2019-06-23T12:46,2019-06-23T13:10,2019-06-23T12:52,Boeing 777-300 ER,BKPX,HQKFTZ,,,,,,d4c33005-3fba-4422-bcd8-7966a589bbab,ae1fc6a5-c42d-4e70-ba63-d641d248d270,7da61aa8-3d56-411b-8be5-50a198e86c60,fc332185-4dde-4791-b449-0de5e83e47b9,,78eac566-1ad0-4ded-9979-9510dfde05f2
2019-07-26,AAL,2527,BOS,DFW,B,B8,C,39,false,,2019-07-26T06:09,2019-07-26T06:05,2019-07-26T06:32,2019-07-26T06:20,2019-07-26T09:05,2019-07-26T08:36,2019-07-26T09:20,2019-07-26T08:48,Boeing 737-800,N904NN,HQKFTZ,24C,,,,,0471427d-11b1-4bb3-93dd-c9630cc0e64e,ae1fc6a5-c42d-4e70-ba63-d641d248d270,813ec62f-c303-44d9-a041-a4434d6fd652,1573100e-e4a3-47b0-9399-01b36074e1f5,,8ad8530e-acd0-42bf-abc5-1e70c4a076bf
2019-07-26,AAL,125,DFW,HKG,D,23,1,36,false,,2019-07-26T10:50,2019-07-26T10:40,2019-07-26T11:17,2019-07-26T10:56,2019-07-27T16:02,2019-07-27T15:20,2019-07-27T16:10,2019-07-27T15:30,Boeing 777-300 ER,N736AT,HQKFTZ,25J,,,,,5c242c1a-964a-421a-b1e6-8e2379ad94c9,ae1fc6a5-c42d-4e70-ba63-d641d248d270,1573100e-e4a3-47b0-9399-01b36074e1f5,7da61aa8-3d56-411b-8be5-50a198e86c60,,78eac566-1ad0-4ded-9979-9510dfde05f2
2019-08-26,AAL,192,HKG,LAX,1,24,4,43,false,,2019-08-26T18:30,2019-08-26T18:30,,2019-08-26T19:30,2019-08-26T16:59,2019-08-26T16:59,2019-08-26T17:25,2019-08-26T17:15,Boeing 777-300 ER,N720AN,,,,,,,9f396653-abfe-425a-a81e-70d3c6aaa929,ae1fc6a5-c42d-4e70-ba63-d641d248d270,7da61aa8-3d56-411b-8be5-50a198e86c60,25b8d712-9888-423f-868d-b25f1d184aaf,,78eac566-1ad0-4ded-9979-9510dfde05f2
2019-08-26,AAL,2379,LAX,CLT,,,,,false,,2019-08-26T22:25,2019-08-26T23:14,,2019-08-26T23:27,,2019-08-27T01:25,2019-08-27T06:16,2019-08-27T06:56,Airbus A321,N551UW,,,,,,,9497f545-79c3-422a-9852-fbea96988333,ae1fc6a5-c42d-4e70-ba63-d641d248d270,25b8d712-9888-423f-868d-b25f1d184aaf,9bafd1d5-34a5-4ba8-b6af-61d3350d5912,,5904cdc2-eccf-41fe-8345-e82a51d3269c
2019-08-27,AAL,4951,CLT,LYH,Main,E4,,,false,,2019-08-27T07:32,2019-08-27T07:30,,2019-08-27T07:52,2019-08-27T08:26,2019-08-27T08:26,2019-08-27T08:43,2019-08-27T08:30,Embraer RJ145,N634AE,,,,,,,220ad882-4ec6-4f60-ad32-fec19469a868,ae1fc6a5-c42d-4e70-ba63-d641d248d270,9bafd1d5-34a5-4ba8-b6af-61d3350d5912,592fd4ac-202e-4e9b-8aca-ac0722b8f8ec,,6358f527-1221-47d3-9170-26351f84ac05
2019-11-29,UAL,655,IAD,BOS,,,,,false,,2019-11-29T12:45,2019-11-29T12:40,,2019-11-29T12:52,,2019-11-29T12:45,2019-11-29T14:14,2019-11-29T14:04,Boeing 737-800,N36207,,,,,,,983ed892-e62d-4942-b0f0-b16cf33afacd,b57b4c86-4724-48f1-80be-d7de4036004a,519696f5-bda6-457c-ae4c-dd1cb07e20de,813ec62f-c303-44d9-a041-a4434d6fd652,,4f7a0cdc-f82f-4544-9e7b-f49a80b8463a
2019-12-02,UAL,511,BOS,IAD,,,,,false,,2019-12-02T14:40,2019-12-02T15:12,,2019-12-02T15:20,,2019-12-02T14:40,2019-12-02T16:25,2019-12-02T16:38,Boeing 737-800,N14235,,,,,,,e0d3f15e-90c8-4f55-9e1e-522988db4360,b57b4c86-4724-48f1-80be-d7de4036004a,813ec62f-c303-44d9-a041-a4434d6fd652,519696f5-bda6-457c-ae4c-dd1cb07e20de,,4f7a0cdc-f82f-4544-9e7b-f49a80b8463a
2019-12-21,AAL,4981,LYH,CLT,,2,Main,E1,false,,2019-12-21T17:59,2019-12-21T18:02,2019-12-21T18:19,2019-12-21T18:16,2019-12-21T18:55,2019-12-21T18:53,2019-12-21T19:14,2019-12-21T19:02,Embraer RJ145,N695AE,,,,,,,00ca07d8-1c39-4769-8e49-beb3936b071d,ae1fc6a5-c42d-4e70-ba63-d641d248d270,592fd4ac-202e-4e9b-8aca-ac0722b8f8ec,9bafd1d5-34a5-4ba8-b6af-61d3350d5912,,6358f527-1221-47d3-9170-26351f84ac05
2019-12-21,AAL,1721,CLT,LAX,Main,A6,4,48B,false,,2019-12-21T20:20,2019-12-21T21:06,2019-12-21T21:13,2019-12-21T21:27,2019-12-21T23:13,2019-12-21T17:20,2019-12-21T22:54,2019-12-21T23:17,Airbus A321,N187US,,,,,,,09e00cdc-c799-4098-a983-09b0cc364eec,ae1fc6a5-c42d-4e70-ba63-d641d248d270,9bafd1d5-34a5-4ba8-b6af-61d3350d5912,25b8d712-9888-423f-868d-b25f1d184aaf,,5904cdc2-eccf-41fe-8345-e82a51d3269c
2019-12-21,AAL,193,LAX,HKG,4,43,1,44,false,,2019-12-21T23:45,2019-12-21T23:51,2019-12-22T00:02,2019-12-22T00:13,,2019-12-23T06:59,2019-12-23T07:25,2019-12-23T07:05,Boeing 777-300 ER,N731AN,,,,,,,0e803a85-25b4-416a-8d1c-58b6b43c8734,ae1fc6a5-c42d-4e70-ba63-d641d248d270,25b8d712-9888-423f-868d-b25f1d184aaf,7da61aa8-3d56-411b-8be5-50a198e86c60,,78eac566-1ad0-4ded-9979-9510dfde05f2
2019-12-29,CRK,690,HKG,CTS,1,201,INTL,,false,,2019-12-29T09:15,2019-12-29T09:16,2019-12-29T09:41,2019-12-29T09:41,2019-12-29T14:46,2019-12-29T14:46,2019-12-29T15:10,2019-12-29T14:56,Airbus A330-300,BLNU,,,,,,,d9e029cd-0da2-409b-9982-bd7414fa3ce1,05cd95aa-9429-4190-8385-c02370a34064,7da61aa8-3d56-411b-8be5-50a198e86c60,989b8d16-a970-4003-9c46-16b99b099848,,6eab475b-ae92-46cd-a1b8-66937c85f7cc
2020-01-04,CRK,693,CTS,HKG,INTL,,1,,false,,2020-01-04T16:10,2020-01-04T16:30,2020-01-04T16:32,2020-01-04T16:32,2020-01-04T20:45,2020-01-04T20:45,2020-01-04T21:20,2020-01-04T20:51,Airbus A330-300,BLHD,,,,,,,96ca21a4-eef7-4a4f-8bd8-3e88679e637c,05cd95aa-9429-4190-8385-c02370a34064,989b8d16-a970-4003-9c46-16b99b099848,7da61aa8-3d56-411b-8be5-50a198e86c60,,6eab475b-ae92-46cd-a1b8-66937c85f7cc
2020-01-06,KAL,608,HKG,ICN,1,25,2,255,false,,2020-01-06T00:55,2020-01-06T01:27,,2020-01-06T01:48,2020-01-06T05:53,2020-01-06T05:53,2020-01-06T05:20,2020-01-06T06:03,Boeing 787-9,HL7208,,,,,,,83f4db9e-f93d-41d7-99d0-e988e1307b7b,4bcd41e4-4c1d-4f70-8e68-51edb812ab3c,7da61aa8-3d56-411b-8be5-50a198e86c60,ca56969b-d5b4-4d55-95ad-f7abb4fdede9,,c4910e5e-2c05-4d17-bc08-fa0c8c0b77d9
2020-01-06,KAL,93,ICN,IAD,2,247,Main,,false,,2020-01-06T10:15,2020-01-06T10:23,2020-01-06T10:25,2020-01-06T10:42,2020-01-06T09:46,2020-01-06T09:46,2020-01-06T09:50,2020-01-06T09:52,Boeing 777-300 ER,HL7204,,,,,,,e671f929-8692-4d85-ad52-1ae2d8b82031,4bcd41e4-4c1d-4f70-8e68-51edb812ab3c,ca56969b-d5b4-4d55-95ad-f7abb4fdede9,519696f5-bda6-457c-ae4c-dd1cb07e20de,,78eac566-1ad0-4ded-9979-9510dfde05f2
2020-03-15,UAE,232,IAD,DXB,Main,A16,3,,false,,2020-03-15T11:10,,2020-03-15T11:27,2020-03-15T11:21,2020-03-16T07:26,2020-03-16T07:25,2020-03-16T08:10,,Airbus A380-800,A6-EUR,,,,,,,20d26412-0223-4434-9d40-dfec8adc5b52,daa8b561-0aed-4a16-ace4-f13fa6c6ea21,519696f5-bda6-457c-ae4c-dd1cb07e20de,e8b51cb0-c41d-4224-b842-7f69655f8076,,c0d25858-9057-4fec-bd89-0c18fd4489d3
2020-03-16,UAE,380,DXB,HKG,3,C8,1,,false,,2020-03-16T09:55,2020-03-16T10:09,,2020-03-16T10:24,2020-03-16T20:42,2020-03-16T20:42,2020-03-16T21:05,2020-03-16T20:47,Boeing 777-300 ER,A6ENE,,,,,,,01441e1c-92ce-4c97-ae40-bd7afed09424,daa8b561-0aed-4a16-ace4-f13fa6c6ea21,e8b51cb0-c41d-4224-b842-7f69655f8076,7da61aa8-3d56-411b-8be5-50a198e86c60,,78eac566-1ad0-4ded-9979-9510dfde05f2
2020-09-19,UAE,363,CAN,DXB,1,,3,,false,,2020-09-19T17:50,2020-09-19T18:26,2020-09-19T18:00,2020-09-19T19:20:17,2020-09-19T21:30,2020-09-19T22:21:05,2020-09-19T21:40,2020-09-19T22:24,Airbus A380,A6EUT,,,,,,,3b2e95e3-2685-4794-b7c8-92f9cbef514d,daa8b561-0aed-4a16-ace4-f13fa6c6ea21,7436d9ad-c589-49cb-9578-7762e8598fdc,e8b51cb0-c41d-4224-b842-7f69655f8076,,b8eb326f-91a9-4135-9759-93f73428b24f
2020-10-04,UAE,231,DXB,IAD,3,B20,,,false,,2020-10-04T08:30,2020-10-04T08:34,2020-10-04T08:30,2020-10-04T09:00:31,2020-10-04T14:50,2020-10-04T14:52,2020-10-04T14:50,2020-10-04T14:58,Boeing 777-300 ER,A6EQC,,,,,,,d4c7d52c-0763-4ad4-a76a-1adcb1b693cf,daa8b561-0aed-4a16-ace4-f13fa6c6ea21,e8b51cb0-c41d-4224-b842-7f69655f8076,519696f5-bda6-457c-ae4c-dd1cb07e20de,,78eac566-1ad0-4ded-9979-9510dfde05f2
2021-05-29,DAL,2455,RDU,LAX,2,C3,2,23A,false,,2021-05-29T19:39,2021-05-29T19:33,2021-05-29T19:49,2021-05-29T19:44:47,2021-05-29T22:00,2021-05-29T21:53,2021-05-29T22:10,2021-05-29T21:58,Boeing 737-800,N3739P,,,,,,,e82290bf-0bd3-4e7a-9958-855cd29979da,a8765091-d043-44b1-936c-d217bb519e56,7852b092-092d-4c60-a638-d43993aa2899,25b8d712-9888-423f-868d-b25f1d184aaf,,4f7a0cdc-f82f-4544-9e7b-f49a80b8463a
2021-05-30,CES,7332,LAX,SZX,TBIT,,T3,,false,,2021-05-30T00:05,,2021-05-30T00:05,2021-05-30T00:12,2021-05-31T06:59:06,2021-05-31T05:23,2021-05-31T05:55,2021-05-31T05:33,Boeing 777-300 ER,B7368,,,,,,,266fe918-fa53-4efe-9995-a9450ed9ef2d,7c3dc023-a5b2-4d2d-9bd1-6adecdcf1f16,25b8d712-9888-423f-868d-b25f1d184aaf,fe67fc1f-8483-4796-891a-81a54515c216,,78eac566-1ad0-4ded-9979-9510dfde05f2
2021-08-16,ETD,836,PVG,ICN,2,,1,,false,,2021-08-16T20:10,2021-08-16T20:40,2021-08-16T20:10,2021-08-16T21:07,2021-08-16T23:05,2021-08-16T23:24,2021-08-16T23:05,2021-08-16T23:37,Boeing 777-300 ER,A6ETC,,,,,,,2b0cb5e4-426a-47c3-85b4-d4fe81dfc76d,4d3bca9e-92ed-4ba9-b15d-9adf90c8a57b,94ecd389-4c82-477f-8502-261c27f5b6fa,ca56969b-d5b4-4d55-95ad-f7abb4fdede9,,78eac566-1ad0-4ded-9979-9510dfde05f2
2021-08-17,ETD,836,ICN,AUH,1,,3,70,false,,2021-08-17T00:35,2021-08-17T01:12,2021-08-17T00:45,2021-08-17T01:33:52,2021-08-17T05:25,2021-08-17T05:41,,2021-08-17T05:46,Boeing 777-300 ER,A6ETC,,,,,,,27e82261-4cd2-4804-8003-582449750026,4d3bca9e-92ed-4ba9-b15d-9adf90c8a57b,ca56969b-d5b4-4d55-95ad-f7abb4fdede9,1f275af7-54af-4898-b7d6-4c0caa2b7eb6,,78eac566-1ad0-4ded-9979-9510dfde05f2
2021-08-17,ETD,131,AUH,IAD,3,61,Main,,false,,2021-08-17T10:10,2021-08-17T10:28,2021-08-17T10:20,2021-08-17T10:46:14,2021-08-17T16:16,2021-08-17T16:18:18,,2021-08-17T16:24,Boeing 787-9,A6BLB,,,,,,,837bc5a8-050b-415d-832a-9ba3c97f74f0,4d3bca9e-92ed-4ba9-b15d-9adf90c8a57b,1f275af7-54af-4898-b7d6-4c0caa2b7eb6,519696f5-bda6-457c-ae4c-dd1cb07e20de,,c4910e5e-2c05-4d17-bc08-fa0c8c0b77d9
2021-11-23,UAL,688,IAD,BOS,,D24,B,B27,false,,2021-11-23T17:10,2021-11-23T17:33,2021-11-23T17:20,2021-11-23T17:52:39,2021-11-23T18:30,2021-11-23T19:05,2021-11-23T18:40,2021-11-23T19:08,Boeing 737-700,N15751,,,,,,,08f16dbd-55dc-4f17-a9ee-0a6d3dc26951,b57b4c86-4724-48f1-80be-d7de4036004a,519696f5-bda6-457c-ae4c-dd1cb07e20de,813ec62f-c303-44d9-a041-a4434d6fd652,,ec6b2abe-069a-4181-b632-6e9d3086a9d3
2021-11-28,AAL,418,BOS,CLT,B,B17,,B3,false,,2021-11-28T05:50,2021-11-28T05:46,2021-11-28T05:50,2021-11-28T06:02:13,2021-11-28T08:30,2021-11-28T08:02,2021-11-28T08:30,2021-11-28T08:11,Airbus A321neo,N421UW,,,,,,,95895377-5150-4d42-8a8e-0c8e760106e7,ae1fc6a5-c42d-4e70-ba63-d641d248d270,813ec62f-c303-44d9-a041-a4434d6fd652,9bafd1d5-34a5-4ba8-b6af-61d3350d5912,,2e99cd6b-cec7-4ec7-a85e-dbc2b5e25a8f
2021-11-28,AAL,5551,CLT,CHO,Main,E8,,5A,false,,2021-11-28T14:28,2021-11-28T14:20,2021-11-28T14:28,2021-11-28T14:40:40,2021-11-28T15:41,2021-11-28T15:22,2021-11-28T15:41,2021-11-28T15:25,"Bombardier CRJ900 ",N574NN,,,,,,,5b0fb1de-b76a-4b3c-ae5c-f8eb8d5a96d5,ae1fc6a5-c42d-4e70-ba63-d641d248d270,9bafd1d5-34a5-4ba8-b6af-61d3350d5912,5fd07c34-1fa4-4259-87e3-62eed404c3d9,,8a4bd3f7-3aac-4e32-8a52-07e5525b36e3
2021-12-23,DAL,5359,CHO,LGA,,,C,D93,false,,2021-12-23T11:40,2021-12-23T11:30,2021-12-23T11:40,2021-12-23T11:43:39,2021-12-23T12:59,2021-12-23T12:40:02,2021-12-23T12:59,2021-12-23T12:54,"Bombardier CRJ900 ",N606LR,,,,,,,4def130e-8871-43a9-a045-e03cdb473f43,a8765091-d043-44b1-936c-d217bb519e56,5fd07c34-1fa4-4259-87e3-62eed404c3d9,dfeb8457-3376-49f8-b542-dbeb2ec9f719,,8a4bd3f7-3aac-4e32-8a52-07e5525b36e3
2021-12-30,AAL,4554,LGA,CHO,B,41,,5B,false,,2021-12-30T17:30,2021-12-30T17:18,2021-12-30T17:30,2021-12-30T17:42:39,2021-12-30T18:57,2021-12-30T18:45,2021-12-30T18:57,2021-12-30T18:50,Embraer 170,N821MD,,,,,,,8734d7e7-8d87-4972-b190-0c87facca340,ae1fc6a5-c42d-4e70-ba63-d641d248d270,dfeb8457-3376-49f8-b542-dbeb2ec9f719,5fd07c34-1fa4-4259-87e3-62eed404c3d9,,2acf1934-38ee-4709-8efa-7018f9be5222
2022-05-19,UAL,4327,MYR,IAD,,B5,Main,A1B,false,,2022-05-19T14:52,2022-05-19T14:48,2022-05-19T15:02,2022-05-19T15:14:53,2022-05-19T16:09,2022-05-19T16:26:53,,2022-05-19T16:35,Embraer RJ145,N17138,,,,,,,f4669d45-c38f-4883-9c14-21dfc3480785,b57b4c86-4724-48f1-80be-d7de4036004a,1de16c5e-734a-4dc1-a46e-a80c01184bc9,519696f5-bda6-457c-ae4c-dd1cb07e20de,,6358f527-1221-47d3-9170-26351f84ac05
2022-05-19,UAL,2618,IAD,SFO,,D26,3,E5,false,,2022-05-19T22:05,2022-05-19T22:11,2022-05-19T22:15,2022-05-19T22:32:30,2022-05-20T00:57,2022-05-20T01:04,2022-05-20T01:07,2022-05-20T01:09,Boeing 737-900ER,N68452,,,,,,,a0372a34-a9da-470f-9b30-ee97417e8e1a,b57b4c86-4724-48f1-80be-d7de4036004a,519696f5-bda6-457c-ae4c-dd1cb07e20de,9b0faf9d-6e26-44ce-88d6-f30a340ea2b7,,24012541-435d-4a27-af8a-4791336f1965
2022-05-24,UAL,2247,SFO,IAD,2,D10,,C11,false,,2022-05-24T22:43,2022-05-24T22:43,2022-05-24T22:53,2022-05-24T23:04:32,2022-05-25T06:44,2022-05-25T06:42,2022-05-25T06:54,2022-05-25T06:46,Boeing 737-900ER,N68843,,,,,,,0615efb4-10ff-406f-b543-4db72a88f252,b57b4c86-4724-48f1-80be-d7de4036004a,9b0faf9d-6e26-44ce-88d6-f30a340ea2b7,519696f5-bda6-457c-ae4c-dd1cb07e20de,,24012541-435d-4a27-af8a-4791336f1965
2022-11-24,AAL,5921,CHO,CLT,,5B,Main,E5,false,,2022-11-24T11:00,2022-11-24T10:47,2022-11-24T11:10,2022-11-24T11:08:25,2022-11-24T12:14,2022-11-24T11:56:41,2022-11-24T12:24,2022-11-24T12:09,Embraer RJ145,N637AE,,,,,,,021d31a0-e565-41c6-bc59-15810d6d03ab,ae1fc6a5-c42d-4e70-ba63-d641d248d270,5fd07c34-1fa4-4259-87e3-62eed404c3d9,9bafd1d5-34a5-4ba8-b6af-61d3350d5912,,6358f527-1221-47d3-9170-26351f84ac05
2022-11-24,AAL,1582,CLT,ILM,,D4,,9,false,,2022-11-24T13:35,2022-11-24T13:24,2022-11-24T13:45,2022-11-24T13:43:05,2022-11-24T14:29,2022-11-24T14:14:47,2022-11-24T14:39,2022-11-24T14:19,Airbus A319,N824AW,,,,,,,464bf31d-f97d-463d-8c40-ee7ed16f79f8,ae1fc6a5-c42d-4e70-ba63-d641d248d270,9bafd1d5-34a5-4ba8-b6af-61d3350d5912,8ab304b6-69b8-41c4-87bb-c483f5d007ae,,fb8254ff-1d83-4fe1-a147-882c217dfcbe
2022-11-27,AAL,4539,RDU,DCA,2,C18,2,D37,false,,2022-11-27T11:43,2022-11-27T11:35,2022-11-27T11:53,2022-11-27T12:10:51,2022-11-27T12:48,2022-11-27T13:06:37,2022-11-27T12:58,2022-11-27T13:16,Embraer 175,N112HQ,,,,,,,f31cef0c-4a80-4dca-b9f8-df8aecb2fcb5,ae1fc6a5-c42d-4e70-ba63-d641d248d270,7852b092-092d-4c60-a638-d43993aa2899,be38c6f9-3dd7-41e2-baf8-929dbd2b54f3,,36728d5b-40cd-46ec-93ba-8822376b565d
2022-12-19,AAL,4696,CHO,LGA,,5A,B,18,false,,2022-12-19T10:36,2022-12-19T10:30,2022-12-19T10:46,2022-12-19T10:43:35,2022-12-19T11:50,2022-12-19T11:38:08,2022-12-19T12:00,2022-12-19T11:44,Embraer 170,N867RW,,,,,,,d42ce77a-f6fa-4c32-b680-53c25e1ce14c,ae1fc6a5-c42d-4e70-ba63-d641d248d270,5fd07c34-1fa4-4259-87e3-62eed404c3d9,dfeb8457-3376-49f8-b542-dbeb2ec9f719,,2acf1934-38ee-4709-8efa-7018f9be5222
2022-12-21,CPA,841,JFK,HKG,8,,1,,false,,2022-12-21T09:00,2022-12-21T09:16,2022-12-21T09:10,2022-12-21T10:09:35,2022-12-22T14:05,2022-12-22T14:14:05,2022-12-22T14:15,,Airbus A350-1000,BLXO,,,,,,,0662b988-60bb-4716-95ba-8b95b837cc2b,8508d82c-f03a-4c99-88d8-46ede5aceb6d,fc332185-4dde-4791-b449-0de5e83e47b9,7da61aa8-3d56-411b-8be5-50a198e86c60,,471867c0-706e-4127-b1aa-ff84ebeae8f3
2023-01-22,CPA,844,HKG,JFK,1,49,8,,false,,2023-01-22T03:20,2023-01-22T03:49,2023-01-22T03:30,2023-01-22T04:05,2023-01-22T04:43,2023-01-22T05:34,2023-01-22T06:00,2023-01-22T05:39,Airbus A350-1000,BLXI,,,,,,,3c2d70a4-48c8-48af-8df6-264a01c34832,8508d82c-f03a-4c99-88d8-46ede5aceb6d,7da61aa8-3d56-411b-8be5-50a198e86c60,fc332185-4dde-4791-b449-0de5e83e47b9,,471867c0-706e-4127-b1aa-ff84ebeae8f3
2023-01-23,AAL,4584,LGA,CHO,B,29,,5A,false,,2023-01-23T16:22,2023-01-23T17:47,2023-01-23T16:32,2023-01-23T18:15:42,2023-01-23T17:59,2023-01-23T19:04,2023-01-23T18:09,2023-01-23T19:11,Embraer 170,N871RW,,,,,,,ef65f01b-6112-4b26-8408-25f481284506,ae1fc6a5-c42d-4e70-ba63-d641d248d270,dfeb8457-3376-49f8-b542-dbeb2ec9f719,5fd07c34-1fa4-4259-87e3-62eed404c3d9,,2acf1934-38ee-4709-8efa-7018f9be5222
2023-05-21,QTR,710,IAD,DOH,Main,,,,false,,2023-05-21T11:10,2023-05-21T11:13:52,2023-05-21T11:20,2023-05-21T11:30:02,2023-05-22T06:55,2023-05-22T06:41:34,2023-05-22T07:05,2023-05-22T06:46,Airbus A350-1000,A7ANA,,,,,,,bd5a6f53-6296-45b4-858f-9567148cb2a3,bbe2cc40-79ca-446a-8105-cbb932b064f0,519696f5-bda6-457c-ae4c-dd1cb07e20de,570ae63e-c342-4fdb-b344-554184c13f1b,,471867c0-706e-4127-b1aa-ff84ebeae8f3
2023-05-22,QTR,816,DOH,HKG,,C84,1,,false,,2023-05-22T09:10,2023-05-22T09:04,2023-05-22T09:20,2023-05-22T09:19:35,2023-05-22T21:25,2023-05-22T21:33:34,2023-05-22T21:35,2023-05-22T21:50,Boeing 787-8,A7BCZ,,,,,,,31323773-2d01-42da-8d1e-b0d1506f2f60,bbe2cc40-79ca-446a-8105-cbb932b064f0,570ae63e-c342-4fdb-b344-554184c13f1b,7da61aa8-3d56-411b-8be5-50a198e86c60,,4f948d40-962a-4fdf-b1d9-424282d24f76
2023-06-11,QTR,815,HKG,DOH,1,27,,,false,,2023-06-11T00:25,2023-06-11T01:17,2023-06-11T00:35,2023-06-11T01:35:59,2023-06-11T03:55,2023-06-11T04:17:30,2023-06-11T04:05,2023-06-11T04:20,Airbus A350-900,A7ALR,,,,,,,c4f90ca4-da5e-43aa-b513-7255effff8e3,bbe2cc40-79ca-446a-8105-cbb932b064f0,7da61aa8-3d56-411b-8be5-50a198e86c60,570ae63e-c342-4fdb-b344-554184c13f1b,,0f7e0145-14a5-4c47-aa84-f03b1ff28cd0
2023-06-11,QTR,707,DOH,IAD,,C7,,,false,,2023-06-11T08:45,2023-06-11T08:48,2023-06-11T08:55,2023-06-11T09:18:11,2023-06-11T16:03,2023-06-11T15:46:45,2023-06-11T16:10,2023-06-11T15:54,Airbus A350-1000,A7ANI,,,,,,,e7895619-da1d-4cb8-afb4-12c470c658a3,bbe2cc40-79ca-446a-8105-cbb932b064f0,570ae63e-c342-4fdb-b344-554184c13f1b,519696f5-bda6-457c-ae4c-dd1cb07e20de,,471867c0-706e-4127-b1aa-ff84ebeae8f3
2023-12-20,ACA,1037,IAD,YVR,Main,Z10,M,D50,false,,2023-12-20T17:50,2023-12-20T17:56,2023-12-20T18:00,2023-12-20T18:11,2023-12-20T20:40,2023-12-20T20:26,2023-12-20T20:53,2023-12-20T20:43,Boeing 737 MAX 8,CGEOJ,,,,,,,394c79a4-a5a2-440c-a8cc-0f5e02f4ba2c,e01c58da-cfd8-4db7-9078-f950d668ba1a,519696f5-bda6-457c-ae4c-dd1cb07e20de,c71de46b-62e9-43fb-83e7-1f44a3a393fe,,5ee1c1db-bf8c-475a-99b0-262bbc7a50b2
2023-12-31,ACA,126,YVR,YYZ,D,C50,1,D24,false,,2023-12-31T23:55,2024-01-01T00:46,2023-12-31T23:45,2024-01-01T01:10,2024-01-01T06:50,2024-01-01T08:01,2024-01-01T07:15,2024-01-01T08:19,Boeing 777-300 ER,CFIVW,,,,,,,56d1b74a-2332-4708-9350-194ca672bd94,e01c58da-cfd8-4db7-9078-f950d668ba1a,c71de46b-62e9-43fb-83e7-1f44a3a393fe,54b344b9-4034-43bf-9f74-6934fe37e671,,78eac566-1ad0-4ded-9979-9510dfde05f2
2024-01-01,ACA,8616,YYZ,IAD,1,F99,Main,Z10,false,,2024-01-01T09:00,2024-01-01T08:55,2024-01-01T09:10,2024-01-01T09:49,2024-01-01T10:00,2024-01-01T10:48,2024-01-01T10:32,2024-01-01T10:52,"Bombardier CRJ900 ",CGJAZ,,,,,,,af1cda86-b195-4cee-82ec-bc68246e88e6,e01c58da-cfd8-4db7-9078-f950d668ba1a,54b344b9-4034-43bf-9f74-6934fe37e671,519696f5-bda6-457c-ae4c-dd1cb07e20de,,8a4bd3f7-3aac-4e32-8a52-07e5525b36e3
2024-03-02,AAL,1162,DCA,LAX,2,C31,5,53A,false,,2024-03-02T17:35,2024-03-02T17:44,2024-03-02T17:45,2024-03-02T17:59,2024-03-02T20:26,2024-03-02T20:22,2024-03-02T20:45,2024-03-02T20:32,Airbus A321neo,N407AN,,,,,,,ac2291c0-a4d9-4237-b8f5-b12f36706c3b,ae1fc6a5-c42d-4e70-ba63-d641d248d270,be38c6f9-3dd7-41e2-baf8-929dbd2b54f3,25b8d712-9888-423f-868d-b25f1d184aaf,,2e99cd6b-cec7-4ec7-a85e-dbc2b5e25a8f
2024-03-09,ASA,6,LAX,DCA,6,68A,2,B16,false,,2024-03-09T13:15,2024-03-09T13:20,2024-03-09T13:25,2024-03-09T13:43,2024-03-09T21:01,2024-03-09T21:19,2024-03-09T20:59,2024-03-09T21:22,Boeing 737-800,N577AS,,,,,,,7a900b7e-c561-457f-914b-827a39930ba7,45411282-5411-46ac-89ce-720ab9efe700,25b8d712-9888-423f-868d-b25f1d184aaf,be38c6f9-3dd7-41e2-baf8-929dbd2b54f3,,8ad8530e-acd0-42bf-abc5-1e70c4a076bf
2024-05-06,AAL,2479,DCA,LAX,2,C29,B,139,false,,2024-05-06T17:41,2024-05-06T18:03,2024-05-06T17:51,2024-05-06T18:22,2024-05-06T20:19,2024-05-06T20:53,2024-05-06T20:13,2024-05-06T21:04,Airbus A321neo,N449AN,,,,,,,97ddd9da-d488-41bf-8cfc-aa3f5ddedc29,ae1fc6a5-c42d-4e70-ba63-d641d248d270,be38c6f9-3dd7-41e2-baf8-929dbd2b54f3,25b8d712-9888-423f-868d-b25f1d184aaf,,2e99cd6b-cec7-4ec7-a85e-dbc2b5e25a8f
2024-05-06,CPA,883,LAX,HKG,TBIT,153,1,,false,,2024-05-06T23:30,2024-05-06T23:28,2024-05-06T23:57,2024-05-06T23:46,2024-05-08T05:37,2024-05-08T05:19,2024-05-08T05:45,2024-05-08T05:29,Boeing 777-300 ER,BKPR,,,,,,,bc351533-3bf5-41c8-83ea-0b6873a8f21f,8508d82c-f03a-4c99-88d8-46ede5aceb6d,25b8d712-9888-423f-868d-b25f1d184aaf,7da61aa8-3d56-411b-8be5-50a198e86c60,,78eac566-1ad0-4ded-9979-9510dfde05f2
2024-05-28,KAL,178,HKG,ICN,1,,2,257,false,,2024-05-28T00:45,2024-05-28T00:41,2024-05-28T00:55,2024-05-28T00:53,2024-05-28T05:05,2024-05-28T04:45,2024-05-28T05:25,2024-05-28T04:54,Boeing 787-9,HL8391,,,,,,,028d86df-9fc6-4fac-baf0-8ba9d9e1a6cb,4bcd41e4-4c1d-4f70-8e68-51edb812ab3c,7da61aa8-3d56-411b-8be5-50a198e86c60,ca56969b-d5b4-4d55-95ad-f7abb4fdede9,,c4910e5e-2c05-4d17-bc08-fa0c8c0b77d9
2024-05-28,KAL,93,ICN,IAD,2,248,Main,,false,,2024-05-28T10:25,2024-05-28T10:30,2024-05-28T10:35,2024-05-28T10:48,2024-05-28T09:53,2024-05-28T11:00,2024-05-28T11:15,2024-05-28T11:12,Boeing 777-300 ER,HL8041,,,,,,,a7d5acb2-50ef-4017-8925-62d7c5c7db83,4bcd41e4-4c1d-4f70-8e68-51edb812ab3c,ca56969b-d5b4-4d55-95ad-f7abb4fdede9,519696f5-bda6-457c-ae4c-dd1cb07e20de,,78eac566-1ad0-4ded-9979-9510dfde05f2
2024-06-28,DAL,5391,CHO,LGA,,3,C,71,false,,2024-06-28T12:00,2024-06-28T14:26,2024-06-28T12:10,2024-06-28T15:04,2024-06-28T12:58,2024-06-28T15:59,2024-06-28T13:29,2024-06-28T16:05,"Bombardier CRJ900 ",N931XJ,,,,,,,062c58c3-a285-45df-95bd-020758059185,a8765091-d043-44b1-936c-d217bb519e56,5fd07c34-1fa4-4259-87e3-62eed404c3d9,dfeb8457-3376-49f8-b542-dbeb2ec9f719,,8a4bd3f7-3aac-4e32-8a52-07e5525b36e3
2024-06-30,DAL,5320,LGA,CHO,C,96,,4,false,,2024-06-30T21:15,2024-06-30T23:53,2024-06-30T21:25,2024-07-01T00:15,2024-06-30T22:21,2024-07-01T01:14,2024-06-30T22:50,2024-07-01T01:24,"Bombardier CRJ900 ",N934XJ,,,,,,,750161fc-6582-4e41-85b2-7d2fe084ccbe,a8765091-d043-44b1-936c-d217bb519e56,dfeb8457-3376-49f8-b542-dbeb2ec9f719,5fd07c34-1fa4-4259-87e3-62eed404c3d9,,8a4bd3f7-3aac-4e32-8a52-07e5525b36e3
2024-12-17,AAL,1162,DCA,LAX,2,C27,4,46C,false,,2024-12-17T17:30,2024-12-17T17:32,2024-12-17T17:40,2024-12-17T18:47,2024-12-17T19:52,2024-12-17T20:54,2024-12-17T20:35,2024-12-17T20:58,Airbus A321neo,N438AN,,,,,,,db4fda62-1f17-441d-8c32-0777d1a8c57f,ae1fc6a5-c42d-4e70-ba63-d641d248d270,be38c6f9-3dd7-41e2-baf8-929dbd2b54f3,25b8d712-9888-423f-868d-b25f1d184aaf,,2e99cd6b-cec7-4ec7-a85e-dbc2b5e25a8f
2024-12-17,CPA,881,LAX,HKG,TBIT,134,1,,false,,2024-12-17T23:20,2024-12-17T23:47,2024-12-17T23:43,2024-12-18T00:04,2024-12-19T06:33,2024-12-19T06:35,2024-12-19T07:20,2024-12-19T06:48,Boeing 777-300 ER,BKQI,,,,,,,efe0f1d5-55af-4eb4-8797-2d3b37562adc,8508d82c-f03a-4c99-88d8-46ede5aceb6d,25b8d712-9888-423f-868d-b25f1d184aaf,7da61aa8-3d56-411b-8be5-50a198e86c60,,78eac566-1ad0-4ded-9979-9510dfde05f2
2024-12-21,CSZ,9241,SZX,URC,T3,357,2,,false,,2024-12-21T09:35,2024-12-21T09:41,2024-12-21T09:45,2024-12-21T10:11,2024-12-21T15:06,2024-12-21T15:34,2024-12-21T15:15,2024-12-21T15:44,Boeing 737 MAX 8,B20DN,,,,,,,80ff78a9-6f32-4730-b560-886905344f62,882ae493-92fd-4736-99aa-2a349ce76c91,fe67fc1f-8483-4796-891a-81a54515c216,69533e3e-9b8d-4609-b30a-6957ba1e7a18,,5ee1c1db-bf8c-475a-99b0-262bbc7a50b2
2024-12-30,GCR,7486,FYN,URC,,1,2,,false,,2024-12-30T19:50,2024-12-30T19:30,2024-12-30T20:00,2024-12-30T19:44,2024-12-30T20:51,2024-12-30T20:33,2024-12-30T21:05,2024-12-30T20:43,Embraer 190,B3151,,,,,,,4c767e76-9b79-4a34-bbb5-86718f095f06,2e6df9a4-f4dc-4c31-832d-31bf0083aedb,a5d83f1f-ef48-4250-9af7-9181b2ec22b9,69533e3e-9b8d-4609-b30a-6957ba1e7a18,,fb807099-ea21-44f1-afb3-388faab25ae3
2024-12-31,CSZ,9242,URC,SZX,2,8,,,false,,2024-12-31T16:25,,2024-12-31T16:35,2024-12-31T16:39,2024-12-31T21:14,2024-12-31T21:31,2024-12-31T21:35,,Boeing 737 MAX 8,B20EU,,,,,,,638e3372-9e29-4238-9141-ac2b8a6e74ed,882ae493-92fd-4736-99aa-2a349ce76c91,69533e3e-9b8d-4609-b30a-6957ba1e7a18,fe67fc1f-8483-4796-891a-81a54515c216,,5ee1c1db-bf8c-475a-99b0-262bbc7a50b2
2025-01-02,CPA,830,HKG,JFK,1,3,8,,false,,2025-01-02T09:30,2025-01-02T09:29,2025-01-02T09:40,2025-01-02T09:50,2025-01-02T11:18,2025-01-02T11:40,2025-01-02T12:10,2025-01-02T11:46,Boeing 777-300 ER,BKPQ,,,,,,,cbb2c700-bead-40dc-a75d-f22db3cb21c4,8508d82c-f03a-4c99-88d8-46ede5aceb6d,7da61aa8-3d56-411b-8be5-50a198e86c60,fc332185-4dde-4791-b449-0de5e83e47b9,,78eac566-1ad0-4ded-9979-9510dfde05f2
2025-01-02,AAL,4671,JFK,DCA,8,42,2,E56,false,,2025-01-02T14:59,2025-01-02T14:51,2025-01-02T15:23,2025-01-02T15:09,2025-01-02T16:00,2025-01-02T16:04,2025-01-02T16:24,2025-01-02T16:12,Embraer 175,N401YX,,,,,,,17092b8a-c1e9-46ef-b7e5-179c3b9671d5,ae1fc6a5-c42d-4e70-ba63-d641d248d270,fc332185-4dde-4791-b449-0de5e83e47b9,be38c6f9-3dd7-41e2-baf8-929dbd2b54f3,,36728d5b-40cd-46ec-93ba-8822376b565d
2025-01-05,UAL,495,IAD,DEN,Main,C9,Main,B29,false,,2025-01-05T22:17,2025-01-05T22:22,2025-01-05T22:27,2025-01-05T22:34,2025-01-05T23:56,2025-01-05T23:52,2025-01-06T00:15,2025-01-05T23:59,Boeing 737-900ER,N57439,,,,,,,c2a91f48-2d2c-452d-81bb-fe36e80b594a,b57b4c86-4724-48f1-80be-d7de4036004a,519696f5-bda6-457c-ae4c-dd1cb07e20de,d00b5728-0678-4689-b660-fe9e583203dc,,24012541-435d-4a27-af8a-4791336f1965
2025-01-11,UAL,798,DEN,IAD,Main,B38,Main,D7,false,,2025-01-11T16:02,2025-01-11T17:13,2025-01-11T16:12,2025-01-11T17:29,2025-01-11T20:48,2025-01-11T22:01,2025-01-11T21:23,2025-01-11T22:09,Boeing 737-800,N13248,,,,,,,954d98e3-36f2-482b-9157-5ac90b489212,b57b4c86-4724-48f1-80be-d7de4036004a,d00b5728-0678-4689-b660-fe9e583203dc,519696f5-bda6-457c-ae4c-dd1cb07e20de,,8ad8530e-acd0-42bf-abc5-1e70c4a076bf
2025-03-07,UAL,1728,IAD,DEN,Main,D5,Main,B42,false,,2025-03-07T17:26,2025-03-07T17:25,2025-03-07T17:36,2025-03-07T17:50,2025-03-07T19:25,2025-03-07T19:19,2025-03-07T19:35,2025-03-07T19:28,Boeing 777-200 ER,N771UA,,,,,,,d4359519-5fd2-4f49-bc15-7886494d88a2,b57b4c86-4724-48f1-80be-d7de4036004a,519696f5-bda6-457c-ae4c-dd1cb07e20de,d00b5728-0678-4689-b660-fe9e583203dc,,a0f171e1-86df-426a-8922-e460c0660ae6
2025-03-08,UAL,1604,DEN,RNO,Main,B49,Main,C3,false,,2025-03-08T15:55,2025-03-08T15:51,2025-03-08T16:05,2025-03-08T16:06,2025-03-08T17:12,2025-03-08T16:55,2025-03-08T17:22,2025-03-08T17:01,Boeing 737-800,N33266,,,,,,,68078b4a-4d0c-497c-9c21-52adf0d67f11,b57b4c86-4724-48f1-80be-d7de4036004a,d00b5728-0678-4689-b660-fe9e583203dc,a6215c29-3c70-433f-954a-8c1295660eb6,,8ad8530e-acd0-42bf-abc5-1e70c4a076bf
2025-03-12,UAL,1009,RNO,DEN,Main,C8,Main,B18,false,,2025-03-12T08:45,2025-03-12T08:45,2025-03-12T08:55,2025-03-12T08:59,2025-03-12T11:54,2025-03-12T11:44,2025-03-12T12:04,2025-03-12T11:50,Airbus A319,N819UA,,,,,,,ba9dee4f-4546-444a-80bc-469759c54c5b,b57b4c86-4724-48f1-80be-d7de4036004a,a6215c29-3c70-433f-954a-8c1295660eb6,d00b5728-0678-4689-b660-fe9e583203dc,,fb8254ff-1d83-4fe1-a147-882c217dfcbe
2025-03-12,UAL,741,DEN,IAD,Main,B24,Main,1,false,,2025-03-12T13:40,2025-03-12T13:34,2025-03-12T13:53,2025-03-12T13:50,2025-03-12T18:49,2025-03-12T18:45,2025-03-12T18:55,2025-03-12T18:49,Boeing 757-300,N75853,,,,,,,2a8c3d97-85bb-477a-b118-c0cbd8ff6fa6,b57b4c86-4724-48f1-80be-d7de4036004a,d00b5728-0678-4689-b660-fe9e583203dc,519696f5-bda6-457c-ae4c-dd1cb07e20de,,0e3e6575-bd45-480c-bd83-360ac9fc02d2
2025-03-31,ASA,507,IAD,SAN,Main,B65,2,26,false,,2025-03-31T17:30,2025-03-31T17:23,2025-03-31T17:35,2025-03-31T18:17,2025-03-31T19:31,2025-03-31T20:50,2025-03-31T20:19,2025-03-31T21:19,Boeing 737-900ER,N419AS,,,,,,,05a2c604-278f-4f46-9afe-af7f01c78c26,45411282-5411-46ac-89ce-720ab9efe700,519696f5-bda6-457c-ae4c-dd1cb07e20de,dbeb2230-9c7b-428a-b122-a07186f48a86,,24012541-435d-4a27-af8a-4791336f1965
2025-04-02,UAL,2129,SAN,IAD,2,44,Main,D21,false,,2025-04-02T21:30,2025-04-02T22:10,2025-04-02T21:40,2025-04-02T22:31,2025-04-03T05:16,2025-04-03T06:11,2025-04-03T05:26,2025-04-03T06:16,Boeing 737 MAX 9,N37508,,,,,,,c90d781d-272c-4b06-9388-fddb25e521a0,b57b4c86-4724-48f1-80be-d7de4036004a,dbeb2230-9c7b-428a-b122-a07186f48a86,519696f5-bda6-457c-ae4c-dd1cb07e20de,,8240381a-dce7-4694-a1d8-4769a0c6507a
2025-05-20,UAL,1757,IAD,SFO,Main,D29,INTL,G13,false,,2025-05-20T18:05,2025-05-20T18:03,2025-05-20T18:24,2025-05-20T18:30,2025-05-20T21:07,2025-05-20T21:39,2025-05-20T20:50,2025-05-20T21:49,Boeing 787-9,N29984,JXCB2M,,,,,,d62ac91f-75e9-4db6-bd67-64fda3cd726d,b57b4c86-4724-48f1-80be-d7de4036004a,519696f5-bda6-457c-ae4c-dd1cb07e20de,9b0faf9d-6e26-44ce-88d6-f30a340ea2b7,,c4910e5e-2c05-4d17-bc08-fa0c8c0b77d9
2025-05-28,UAL,1791,LAX,SFO,8,80,2,D8,false,,2025-05-28T10:26,2025-05-28T10:19,2025-05-28T10:36,2025-05-28T11:08,2025-05-28T11:49,2025-05-28T12:10,2025-05-28T11:59,2025-05-28T12:12,Boeing 737 MAX 8,N47282,H66108,29D,,,,,c742b1b3-23ef-412d-9b5f-92b26ca7dd89,b57b4c86-4724-48f1-80be-d7de4036004a,25b8d712-9888-423f-868d-b25f1d184aaf,9b0faf9d-6e26-44ce-88d6-f30a340ea2b7,,5ee1c1db-bf8c-475a-99b0-262bbc7a50b2
2025-05-28,UAL,871,SFO,TPE,I,G6,2,D7,false,,2025-05-28T14:40,2025-05-28T15:03,2025-05-28T14:50,2025-05-28T15:31,2025-05-29T18:35,2025-05-29T19:02,2025-05-29T18:45,2025-05-29T19:13,Boeing 777-300 ER,N2737U,H66108,48G,,,,,520c1409-da15-4d10-a3a3-6e9084303a55,b57b4c86-4724-48f1-80be-d7de4036004a,9b0faf9d-6e26-44ce-88d6-f30a340ea2b7,1a0ff314-4db9-43eb-aef0-59d40b78505b,,78eac566-1ad0-4ded-9979-9510dfde05f2
2025-06-05,CSZ,9074,TPE,SZX,2,C5R,T3,,false,,2025-06-05T17:35,2025-06-05T17:38,2025-06-05T17:45,2025-06-05T17:55,2025-06-05T19:15,2025-06-05T19:16,2025-06-05T19:25,2025-06-05T19:30,Boeing 737-800,B1935,,,,,,,8f2c72d9-fe1f-4f27-9b37-87508da1b1a3,882ae493-92fd-4736-99aa-2a349ce76c91,1a0ff314-4db9-43eb-aef0-59d40b78505b,fe67fc1f-8483-4796-891a-81a54515c216,,8ad8530e-acd0-42bf-abc5-1e70c4a076bf
2025-06-09,HKE,622,HKG,HND,1,213,3,,false,,2025-06-09T17:35,2025-06-09T17:23,2025-06-09T17:45,2025-06-09T17:39,2025-06-09T22:45,2025-06-09T22:32,2025-06-09T22:55,2025-06-09T22:37,Airbus A321neo,BKKD,,,,,,,b1f0a388-8ec9-4b0b-b63d-fbf4d0243ac5,665a54fa-0b6e-4086-abe4-2a6b2dd5c1e5,7da61aa8-3d56-411b-8be5-50a198e86c60,deceac13-5547-4a5a-9877-06e35ae80304,,2e99cd6b-cec7-4ec7-a85e-dbc2b5e25a8f
2025-06-18,CSZ,664,KIX,SZX,1,38,T3,,false,,2025-06-18T17:10,2025-06-18T18:34,2025-06-18T17:20,2025-06-18T18:50,2025-06-18T20:15,2025-06-18T21:39,2025-06-18T20:25,2025-06-18T21:42,Boeing 737 MAX 8,B20ER,,,,,,,f580cd5d-f87e-406d-bc8d-d0d70c9f48c3,882ae493-92fd-4736-99aa-2a349ce76c91,05f38441-6e21-4f4f-8b90-f6ff8be5f037,fe67fc1f-8483-4796-891a-81a54515c216,,5ee1c1db-bf8c-475a-99b0-262bbc7a50b2
2025-06-21,CHH,7706,SZX,PEK,T3,563,T2,,false,,2025-06-21T13:10,2025-06-21T13:16,2025-06-21T13:20,2025-06-21T13:50,2025-06-21T16:05,2025-06-21T16:29,2025-06-21T16:15,2025-06-21T16:34,Boeing 787-9,B1341,,,,,,,f64d654c-c1d3-47e5-a7cf-8ddc5db85f74,0f72443f-2b6b-46d8-92f7-94f57e6c4bea,fe67fc1f-8483-4796-891a-81a54515c216,fa495023-95f7-46c7-abf5-69a5f2120d69,,c4910e5e-2c05-4d17-bc08-fa0c8c0b77d9
2025-08-14,DAL,7922,HKG,ICN,T1,511,T2,266,false,,2025-08-14T12:20,2025-08-14T15:32,2025-08-14T12:30,2025-08-14T15:51,2025-08-14T16:50,2025-08-14T20:02,2025-08-14T17:00,2025-08-14T20:10,Boeing 777-300 ER,HL8042,G6DL2D,36F,,,,,159677d0-a2e6-4604-8d16-44b36e4847fd,a8765091-d043-44b1-936c-d217bb519e56,7da61aa8-3d56-411b-8be5-50a198e86c60,ca56969b-d5b4-4d55-95ad-f7abb4fdede9,,78eac566-1ad0-4ded-9979-9510dfde05f2
2025-08-15,DAL,170,ICN,MSP,2,252,1,G8,false,,2025-08-15T18:40,2025-08-15T19:56,2025-08-15T20:11,2025-08-15T20:24,2025-08-15T18:09,2025-08-15T18:13,2025-08-15T17:20,2025-08-15T18:23,Airbus A350-900,N501DN,,,,,,,271e3511-39f1-4b5a-b2d8-52da8206a5b4,a8765091-d043-44b1-936c-d217bb519e56,ca56969b-d5b4-4d55-95ad-f7abb4fdede9,e6471588-a4ac-43ed-85de-adb08f1c3410,,0f7e0145-14a5-4c47-aa84-f03b1ff28cd0
2025-08-15,DAL,3541,MSP,IAD,1,B4,Main,B75,false,,2025-08-15T20:08,2025-08-15T20:37,2025-08-15T20:18,2025-08-15T20:53,2025-08-15T23:28,2025-08-16T00:22,2025-08-15T23:38,2025-08-16T00:26,Embraer 175,N315SY,,,,,,,3f1e4f93-f219-4915-8c17-3eaf67d3d6e3,a8765091-d043-44b1-936c-d217bb519e56,e6471588-a4ac-43ed-85de-adb08f1c3410,519696f5-bda6-457c-ae4c-dd1cb07e20de,,36728d5b-40cd-46ec-93ba-8822376b565d
2025-09-25,AAL,1327,PHL,ORD,C,C22,3,L11,false,,2025-09-25T21:15,2025-09-25T21:09,2025-09-25T21:25,2025-09-25T22:08,2025-09-25T22:29,2025-09-25T22:57,2025-09-25T22:39,2025-09-25T23:03,Boeing 737-800,N964NN,,,,,,,001e38c4-4011-4a99-90b7-8d3268088a7a,ae1fc6a5-c42d-4e70-ba63-d641d248d270,a0d1ae30-2637-4b7c-87bd-91e31dc37468,a5eff314-18e7-4c87-bd38-0131882f1b8d,,8ad8530e-acd0-42bf-abc5-1e70c4a076bf
2025-09-28,AAL,3153,ORD,PHL,3,K18,A,9,false,,2025-09-28T21:37,2025-09-28T21:42,2025-09-28T21:47,2025-09-28T22:12,2025-09-29T00:35,2025-09-29T00:46,2025-09-29T00:45,2025-09-29T00:52,Boeing 737-800,N819NN,JKFASG,,,,,,5d464179-5047-491c-8dd4-8b0865bc6cee,ae1fc6a5-c42d-4e70-ba63-d641d248d270,a5eff314-18e7-4c87-bd38-0131882f1b8d,a0d1ae30-2637-4b7c-87bd-91e31dc37468,,8ad8530e-acd0-42bf-abc5-1e70c4a076bf
2025-12-19,CPA,831,JFK,HKG,8,8,1,66,false,,2025-12-19T13:40,2025-12-19T14:51,2025-12-19T13:50,2025-12-19T15:13,2025-12-20T18:55,2025-12-20T19:38,2025-12-20T19:05,2025-12-20T19:42,Boeing 777-300 ER,BKQV,,,,,,,85064bbe-d1b8-4f9e-9ea9-072af3f531a2,8508d82c-f03a-4c99-88d8-46ede5aceb6d,fc332185-4dde-4791-b449-0de5e83e47b9,7da61aa8-3d56-411b-8be5-50a198e86c60,,78eac566-1ad0-4ded-9979-9510dfde05f2
2025-12-22,CSZ,9241,SZX,URC,T3,355,2,,false,,2025-12-22T08:50,2025-12-22T08:45,2025-12-22T09:00,2025-12-22T09:09,2025-12-22T14:30,2025-12-22T14:27,2025-12-22T14:40,2025-12-22T14:39,Airbus A320neo,B32NA,,,,,,,0554ea1e-a6e3-41bc-b1e9-c91b9f26353d,882ae493-92fd-4736-99aa-2a349ce76c91,fe67fc1f-8483-4796-891a-81a54515c216,69533e3e-9b8d-4609-b30a-6957ba1e7a18,,fc3bd268-833c-40f4-a74c-9512dabcbe08
2025-12-22,CSN,6845,URC,AAT,3,A223,,,false,,2025-12-22T20:30,2025-12-22T20:42,2025-12-22T20:40,2025-12-22T21:08,2025-12-22T21:45,2025-12-22T22:10,2025-12-22T21:55,2025-12-22T22:20,Boeing 737 MAX 8,B205N,,,,,,,f0884fb1-0058-415c-9bbe-bc360630dc1a,255d4d33-d2aa-4a84-bc7d-0613c507151f,69533e3e-9b8d-4609-b30a-6957ba1e7a18,6a8a2b6f-3eaa-43d9-a037-b724acc0b9f7,,5ee1c1db-bf8c-475a-99b0-262bbc7a50b2
2026-01-01,CSN,5482,AAT,SZX,,4,T3,,false,,2026-01-01T14:00,2026-01-01T13:51,2026-01-01T14:10,2026-01-01T14:05,2026-01-01T19:00,2026-01-01T18:45,2026-01-01T19:10,2026-01-01T19:01,Airbus A321neo,B329Z,,,,,,,76315d7e-1d9c-49ed-8550-2ca268e4af5c,255d4d33-d2aa-4a84-bc7d-0613c507151f,6a8a2b6f-3eaa-43d9-a037-b724acc0b9f7,fe67fc1f-8483-4796-891a-81a54515c216,,2e99cd6b-cec7-4ec7-a85e-dbc2b5e25a8f
2026-01-02,CPA,830,HKG,JFK,T1,32,T8,,false,,2026-01-02T09:30,2026-01-02T09:33,2026-01-02T09:40,2026-01-02T09:48,2026-01-02T11:50,2026-01-02T10:46,2026-01-02T12:00,2026-01-02T10:54,Boeing 777-300 ER,BKPD,,,,,,,3faafa5f-d1b6-4ea7-ba39-eadcea608575,8508d82c-f03a-4c99-88d8-46ede5aceb6d,7da61aa8-3d56-411b-8be5-50a198e86c60,fc332185-4dde-4791-b449-0de5e83e47b9,,78eac566-1ad0-4ded-9979-9510dfde05f2
2016-10-15,BER,8947,BCN,DUS,,,,,false,,2016-10-15T00:00,,,,,,,,,,,,,,,,,38cc8e1a-8b9f-4474-824a-d4858452db62,72d63683-9cc9-40da-9394-b2557edacb91,5c465ccf-d921-4359-8387-34bd51abb926,,
2016-12-31,BER,2347,LPA,DUS,,,,,false,,2016-12-31T00:00,,,,,,,,,,,,,,,,,38cc8e1a-8b9f-4474-824a-d4858452db62,fcf6fc74-a1e1-4602-adf3-dbef75191d85,5c465ccf-d921-4359-8387-34bd51abb926,,
2016-10-09,BER,8940,DUS,BCN,,,,,false,,2016-10-09T00:00,,,,,,,,,,,,,,,,,38cc8e1a-8b9f-4474-824a-d4858452db62,5c465ccf-d921-4359-8387-34bd51abb926,72d63683-9cc9-40da-9394-b2557edacb91,,
2014-08-18,KQA,451,SEZ,NBO,I,,1C,,false,,2014-08-18T14:05,2014-08-18T13:57,,,,,2014-08-18T16:10,2014-08-18T16:03,Boeing 737-800,,,,,,,,,a90ab660-a9f7-429a-a38e-2fcfb77d22da,1776ecfa-828f-46fb-8035-c571d9fa5d5f,1d57d488-de08-4ab4-aa8b-f9afce1fc64c,,8ad8530e-acd0-42bf-abc5-1e70c4a076bf
